15515656	Chloe Bennet
15687962	Marvel Entertainment
16222584	Official DWTS
20106852	Star Wars
22083910	CW Network
29283877	Sharna Burgess
31353077	Nathan Fillion
35873420	Tim Allen
45985448	Carly Chaikin
48785884	Clark Gregg
52146755	MythBusters
61083773	Ming-Na Wen
178812809	lena headey
180463340	Game Of Thrones
289435235	Last Man Standing
300835864	Person Of Interest
342328462	Danielle Panabaker
393852070	The Avengers
393987775	Elizabeth Henstridge
449237769	Christian Slater
552121630	Karen Gillan
596230846	Lindsay Arnold
596261273	Witney Carson
763440894	Rami Malek
770120310	Duck Dynasty
1112465706	Agents of SHIELD
1128461923	Freema Agyeman
1137161258	Billie Piper
1244325504	Arrow
1319554081	Peter Dinklage
1345393938	Emilia Clarke
2151264666	Portia Doubleday
2168414372	Kit Harington
2180163722	Daredevil
2180168234	Luke Cage
2180170945	Jessica Jones
2180171528	Iron Fist
2282671736	The Flash
3066551830	Mr. Robot
3241064373	Legends of Tomorrow
